danceability,energy,key,loudness,mode,speechiness,acousticness,instrumentalness,liveness,valence,tempo,type,id,uri,track_href,analysis_url,duration_ms,time_signature,artist,track_name
0.772,0.75,5,-3.67,0,0.0455,0.0201,0.0,0.074,0.587,114.061,audio_features,54ipXppHLA8U4yqpOFTUhr,spotify:track:54ipXppHLA8U4yqpOFTUhr,https://api.spotify.com/v1/tracks/54ipXppHLA8U4yqpOFTUhr,https://api.spotify.com/v1/audio-analysis/54ipXppHLA8U4yqpOFTUhr,165265,4,Imagine Dragons,Bones
0.728,0.783,11,-4.424,0,0.266,0.237,0.0,0.434,0.555,77.011,audio_features,3CIyK1V4JEJkg02E4EJnDl,spotify:track:3CIyK1V4JEJkg02E4EJnDl,https://api.spotify.com/v1/tracks/3CIyK1V4JEJkg02E4EJnDl,https://api.spotify.com/v1/audio-analysis/3CIyK1V4JEJkg02E4EJnDl,173381,4,Imagine Dragons,Enemy (with JID) - from the series Arcane League of Legends
0.776,0.78,10,-4.374,0,0.128,0.0622,0.0,0.081,0.666,124.949,audio_features,0pqnGHJpmpxLKifKRmU6WP,spotify:track:0pqnGHJpmpxLKifKRmU6WP,https://api.spotify.com/v1/tracks/0pqnGHJpmpxLKifKRmU6WP,https://api.spotify.com/v1/audio-analysis/0pqnGHJpmpxLKifKRmU6WP,204347,4,Imagine Dragons,Believer
0.505,0.71,3,-3.015,1,0.0321,0.19,0.00025,0.329,0.428,89.938,audio_features,3LlAyCYU26dvFZBDUIMb7a,spotify:track:3LlAyCYU26dvFZBDUIMb7a,https://api.spotify.com/v1/tracks/3LlAyCYU26dvFZBDUIMb7a,https://api.spotify.com/v1/audio-analysis/3LlAyCYU26dvFZBDUIMb7a,175200,4,Imagine Dragons,Demons
0.605,0.822,0,-4.833,1,0.0438,0.00671,0.134,0.147,0.288,167.997,audio_features,1zB4vmk8tFRmM9UULNzbLB,spotify:track:1zB4vmk8tFRmM9UULNzbLB,https://api.spotify.com/v1/tracks/1zB4vmk8tFRmM9UULNzbLB,https://api.spotify.com/v1/audio-analysis/1zB4vmk8tFRmM9UULNzbLB,187147,4,Imagine Dragons,Thunder
0.448,0.784,9,-3.686,1,0.0627,0.106,0.000108,0.668,0.236,136.245,audio_features,4G8gkOterJn0Ywt6uhqbhp,spotify:track:4G8gkOterJn0Ywt6uhqbhp,https://api.spotify.com/v1/tracks/4G8gkOterJn0Ywt6uhqbhp,https://api.spotify.com/v1/audio-analysis/4G8gkOterJn0Ywt6uhqbhp,186813,4,Imagine Dragons,Radioactive
0.704,0.611,2,-6.112,1,0.0409,0.217,0.0,0.0812,0.22,100.0,audio_features,2FY7b99s15jUprqC0M5NCT,spotify:track:2FY7b99s15jUprqC0M5NCT,https://api.spotify.com/v1/tracks/2FY7b99s15jUprqC0M5NCT,https://api.spotify.com/v1/audio-analysis/2FY7b99s15jUprqC0M5NCT,189467,4,Imagine Dragons,Natural
0.672,0.655,10,-5.021,0,0.0311,0.0362,0.0,0.117,0.556,134.945,audio_features,6Qn5zhYkTa37e91HC1D7lb,spotify:track:6Qn5zhYkTa37e91HC1D7lb,https://api.spotify.com/v1/tracks/6Qn5zhYkTa37e91HC1D7lb,https://api.spotify.com/v1/audio-analysis/6Qn5zhYkTa37e91HC1D7lb,201240,4,Imagine Dragons,Whatever It Takes
0.927,0.642,10,-4.466,0,0.0657,0.00791,3.62e-05,0.279,0.901,123.969,audio_features,7sA2SKTo1QbTSSYn5YvJC4,spotify:track:7sA2SKTo1QbTSSYn5YvJC4,https://api.spotify.com/v1/tracks/7sA2SKTo1QbTSSYn5YvJC4,https://api.spotify.com/v1/audio-analysis/7sA2SKTo1QbTSSYn5YvJC4,190883,4,Imagine Dragons,Sharks
0.383,0.637,3,-6.993,1,0.0703,0.0722,0.0,0.368,0.0827,177.913,audio_features,2RSHsoi04658QL5xgQVov3,spotify:track:2RSHsoi04658QL5xgQVov3,https://api.spotify.com/v1/tracks/2RSHsoi04658QL5xgQVov3,https://api.spotify.com/v1/audio-analysis/2RSHsoi04658QL5xgQVov3,260773,4,Imagine Dragons,Bad Liar
0.464,0.417,0,-9.345,0,0.0256,0.136,0.022,0.0974,0.479,67.528,audio_features,5XeFesFbtLpXzIVDNQP22n,spotify:track:5XeFesFbtLpXzIVDNQP22n,https://api.spotify.com/v1/tracks/5XeFesFbtLpXzIVDNQP22n,https://api.spotify.com/v1/audio-analysis/5XeFesFbtLpXzIVDNQP22n,183956,4,Arctic Monkeys,I Wanna Be Yours
0.52,0.852,0,-5.866,1,0.0543,0.00237,5.79e-05,0.0733,0.234,140.267,audio_features,58ge6dfP91o9oXMzq3XkIS,spotify:track:58ge6dfP91o9oXMzq3XkIS,https://api.spotify.com/v1/tracks/58ge6dfP91o9oXMzq3XkIS,https://api.spotify.com/v1/audio-analysis/58ge6dfP91o9oXMzq3XkIS,253587,4,Arctic Monkeys,505
0.548,0.532,5,-7.596,1,0.0323,0.186,0.000263,0.217,0.405,85.03,audio_features,5FVd6KXrgO9B3JPmC8OPst,spotify:track:5FVd6KXrgO9B3JPmC8OPst,https://api.spotify.com/v1/tracks/5FVd6KXrgO9B3JPmC8OPst,https://api.spotify.com/v1/audio-analysis/5FVd6KXrgO9B3JPmC8OPst,272394,4,Arctic Monkeys,Do I Wanna Know?
0.691,0.631,2,-6.478,1,0.0368,0.0483,1.13e-05,0.104,0.8,92.004,audio_features,086myS9r57YsLbJpU0TgK9,spotify:track:086myS9r57YsLbJpU0TgK9,https://api.spotify.com/v1/tracks/086myS9r57YsLbJpU0TgK9,https://api.spotify.com/v1/audio-analysis/086myS9r57YsLbJpU0TgK9,161124,4,Arctic Monkeys,Why'd You Only Call Me When You're High?
0.288,0.758,6,-5.692,0,0.0371,0.00616,0.0,0.303,0.619,97.094,audio_features,2AT8iROs4FQueDv2c8q2KE,spotify:track:2AT8iROs4FQueDv2c8q2KE,https://api.spotify.com/v1/tracks/2AT8iROs4FQueDv2c8q2KE,https://api.spotify.com/v1/audio-analysis/2AT8iROs4FQueDv2c8q2KE,201726,4,Arctic Monkeys,R U Mine?
0.646,0.813,6,-5.29,0,0.0288,0.00178,2.26e-05,0.144,0.821,112.115,audio_features,7e8utCy2JlSB8dRHKi49xM,spotify:track:7e8utCy2JlSB8dRHKi49xM,https://api.spotify.com/v1/tracks/7e8utCy2JlSB8dRHKi49xM,https://api.spotify.com/v1/audio-analysis/7e8utCy2JlSB8dRHKi49xM,173493,4,Arctic Monkeys,Fluorescent Adolescent
0.728,0.638,5,-6.455,0,0.0336,0.249,0.0,0.116,0.872,130.014,audio_features,0NdTUS4UiNYCNn5FgVqKQY,spotify:track:0NdTUS4UiNYCNn5FgVqKQY,https://api.spotify.com/v1/tracks/0NdTUS4UiNYCNn5FgVqKQY,https://api.spotify.com/v1/audio-analysis/0NdTUS4UiNYCNn5FgVqKQY,193030,4,Arctic Monkeys,Snap Out Of It
0.579,0.558,2,-6.986,1,0.0895,0.0202,1.26e-06,0.212,0.506,179.949,audio_features,7nzsY8vlnKdvGOEE0rjAXZ,spotify:track:7nzsY8vlnKdvGOEE0rjAXZ,https://api.spotify.com/v1/tracks/7nzsY8vlnKdvGOEE0rjAXZ,https://api.spotify.com/v1/audio-analysis/7nzsY8vlnKdvGOEE0rjAXZ,207357,4,Arctic Monkeys,Arabella
0.665,0.542,11,-8.323,0,0.033,0.123,0.00291,0.342,0.587,97.975,audio_features,2LGdO5MtFdyphi2EihANZG,spotify:track:2LGdO5MtFdyphi2EihANZG,https://api.spotify.com/v1/tracks/2LGdO5MtFdyphi2EihANZG,https://api.spotify.com/v1/audio-analysis/2LGdO5MtFdyphi2EihANZG,257563,4,Arctic Monkeys,Knee Socks
0.348,0.875,11,-4.758,0,0.199,0.0341,0.0,0.117,0.407,169.152,audio_features,0ZRrJTPXDToRJ2iLo9oLrW,spotify:track:0ZRrJTPXDToRJ2iLo9oLrW,https://api.spotify.com/v1/tracks/0ZRrJTPXDToRJ2iLo9oLrW,https://api.spotify.com/v1/audio-analysis/0ZRrJTPXDToRJ2iLo9oLrW,202133,4,Arctic Monkeys,When The Sun Goes Down
0.557,0.54,9,-10.484,1,0.0347,0.0339,0.00248,0.179,0.394,129.171,audio_features,6dGnYIeXmHdcikdzNNDMm2,spotify:track:6dGnYIeXmHdcikdzNNDMm2,https://api.spotify.com/v1/tracks/6dGnYIeXmHdcikdzNNDMm2,https://api.spotify.com/v1/audio-analysis/6dGnYIeXmHdcikdzNNDMm2,185733,4,The Beatles,Here Comes The Sun - Remastered 2009
0.443,0.403,0,-8.339,1,0.0322,0.631,0.0,0.111,0.41,143.462,audio_features,7iN1s7xHE4ifF5povM6A48,spotify:track:7iN1s7xHE4ifF5povM6A48,https://api.spotify.com/v1/tracks/7iN1s7xHE4ifF5povM6A48,https://api.spotify.com/v1/audio-analysis/7iN1s7xHE4ifF5povM6A48,243027,4,The Beatles,Let It Be - Remastered 2009
0.332,0.179,5,-11.83,1,0.0326,0.879,0.0,0.0886,0.315,96.529,audio_features,3BQHpFgAp4l80e1XslIjNI,spotify:track:3BQHpFgAp4l80e1XslIjNI,https://api.spotify.com/v1/tracks/3BQHpFgAp4l80e1XslIjNI,https://api.spotify.com/v1/audio-analysis/3BQHpFgAp4l80e1XslIjNI,125667,4,The Beatles,Yesterday - Remastered 2009
0.533,0.376,9,-11.913,0,0.0393,0.0302,0.248,0.0926,0.187,165.007,audio_features,2EqlS6tkEnglzr7tkKAAYD,spotify:track:2EqlS6tkEnglzr7tkKAAYD,https://api.spotify.com/v1/tracks/2EqlS6tkEnglzr7tkKAAYD,https://api.spotify.com/v1/audio-analysis/2EqlS6tkEnglzr7tkKAAYD,259947,4,The Beatles,Come Together - Remastered 2009
0.482,0.849,2,-9.198,1,0.0452,0.641,7.74e-06,0.0414,0.937,124.631,audio_features,5ZBeML7Lf3FMEVviTyvi8l,spotify:track:5ZBeML7Lf3FMEVviTyvi8l,https://api.spotify.com/v1/tracks/5ZBeML7Lf3FMEVviTyvi8l,https://api.spotify.com/v1/audio-analysis/5ZBeML7Lf3FMEVviTyvi8l,155227,4,The Beatles,Twist And Shout - Remastered 2009
0.686,0.127,7,-14.361,1,0.0342,0.754,1.41e-05,0.0573,0.372,93.699,audio_features,5jgFfDIR6FR0gvlA56Nakr,spotify:track:5jgFfDIR6FR0gvlA56Nakr,https://api.spotify.com/v1/tracks/5jgFfDIR6FR0gvlA56Nakr,https://api.spotify.com/v1/audio-analysis/5jgFfDIR6FR0gvlA56Nakr,138387,4,The Beatles,Blackbird - Remastered 2009
0.688,0.435,9,-11.359,1,0.0323,0.449,0.0,0.113,0.435,103.239,audio_features,3KfbEIOC7YIv90FIfNSZpo,spotify:track:3KfbEIOC7YIv90FIfNSZpo,https://api.spotify.com/v1/tracks/3KfbEIOC7YIv90FIfNSZpo,https://api.spotify.com/v1/audio-analysis/3KfbEIOC7YIv90FIfNSZpo,146333,4,The Beatles,In My Life - Remastered 2009
0.386,0.607,10,-7.7,1,0.0261,0.0112,1.38e-05,0.088,0.532,147.207,audio_features,0aym2LBJBk9DAYuHHutrIl,spotify:track:0aym2LBJBk9DAYuHHutrIl,https://api.spotify.com/v1/tracks/0aym2LBJBk9DAYuHHutrIl,https://api.spotify.com/v1/audio-analysis/0aym2LBJBk9DAYuHHutrIl,425653,4,The Beatles,Hey Jude - Remastered 2015
0.396,0.338,0,-10.872,1,0.0304,0.198,2.62e-06,0.138,0.377,133.522,audio_features,0pNeVovbiZHkulpGeOx1Gj,spotify:track:0pNeVovbiZHkulpGeOx1Gj,https://api.spotify.com/v1/tracks/0pNeVovbiZHkulpGeOx1Gj,https://api.spotify.com/v1/audio-analysis/0pNeVovbiZHkulpGeOx1Gj,182293,4,The Beatles,Something - Remastered 2009
0.49,0.715,7,-5.549,1,0.0476,0.386,0.0,0.311,0.866,130.726,audio_features,4pbG9SUmWIvsROVLF0zF9s,spotify:track:4pbG9SUmWIvsROVLF0zF9s,https://api.spotify.com/v1/tracks/4pbG9SUmWIvsROVLF0zF9s,https://api.spotify.com/v1/audio-analysis/4pbG9SUmWIvsROVLF0zF9s,145747,4,The Beatles,I Want To Hold Your Hand - Remastered 2015
0.612,0.807,10,-2.81,1,0.0336,0.0495,0.0177,0.101,0.398,124.053,audio_features,2QjOHCTQ1Jl3zawyYOpxh6,spotify:track:2QjOHCTQ1Jl3zawyYOpxh6,https://api.spotify.com/v1/tracks/2QjOHCTQ1Jl3zawyYOpxh6,https://api.spotify.com/v1/audio-analysis/2QjOHCTQ1Jl3zawyYOpxh6,240400,4,The Neighbourhood,Sweater Weather
0.588,0.521,10,-9.461,1,0.0329,0.0678,0.149,0.123,0.337,85.012,audio_features,5E30LdtzQTGqRvNd7l6kG5,spotify:track:5E30LdtzQTGqRvNd7l6kG5,https://api.spotify.com/v1/tracks/5E30LdtzQTGqRvNd7l6kG5,https://api.spotify.com/v1/audio-analysis/5E30LdtzQTGqRvNd7l6kG5,260173,4,The Neighbourhood,Daddy Issues
0.575,0.568,9,-5.509,0,0.03,0.0484,0.000417,0.286,0.37,93.986,audio_features,2K7xn816oNHJZ0aVqdQsha,spotify:track:2K7xn816oNHJZ0aVqdQsha,https://api.spotify.com/v1/tracks/2K7xn816oNHJZ0aVqdQsha,https://api.spotify.com/v1/audio-analysis/2K7xn816oNHJZ0aVqdQsha,206280,4,The Neighbourhood,Softcore
0.551,0.881,7,-6.099,0,0.0542,0.186,0.0791,0.152,0.387,88.036,audio_features,7zwn1eykZtZ5LODrf7c0tS,spotify:track:7zwn1eykZtZ5LODrf7c0tS,https://api.spotify.com/v1/tracks/7zwn1eykZtZ5LODrf7c0tS,https://api.spotify.com/v1/audio-analysis/7zwn1eykZtZ5LODrf7c0tS,153000,4,The Neighbourhood,You Get Me So High
0.648,0.594,11,-7.027,0,0.0293,0.114,0.0462,0.116,0.544,113.983,audio_features,2xql0pid3EUwW38AsywxhV,spotify:track:2xql0pid3EUwW38AsywxhV,https://api.spotify.com/v1/tracks/2xql0pid3EUwW38AsywxhV,https://api.spotify.com/v1/audio-analysis/2xql0pid3EUwW38AsywxhV,244013,4,The Neighbourhood,Reflections
0.578,0.386,6,-11.464,1,0.0278,0.208,0.0453,0.307,0.569,154.902,audio_features,7IL8PSVwLOJxqYne6azxQv,spotify:track:7IL8PSVwLOJxqYne6azxQv,https://api.spotify.com/v1/tracks/7IL8PSVwLOJxqYne6azxQv,https://api.spotify.com/v1/audio-analysis/7IL8PSVwLOJxqYne6azxQv,234093,4,The Neighbourhood,Pretty Boy
0.245,0.64,2,-7.426,0,0.0608,0.131,8.11e-06,0.0766,0.105,135.739,audio_features,2u0CelO5c81XS7z3dGpHbS,spotify:track:2u0CelO5c81XS7z3dGpHbS,https://api.spotify.com/v1/tracks/2u0CelO5c81XS7z3dGpHbS,https://api.spotify.com/v1/audio-analysis/2u0CelO5c81XS7z3dGpHbS,255133,4,The Neighbourhood,The Beach
0.464,0.701,6,-5.693,0,0.0411,0.00892,0.309,0.335,0.356,83.996,audio_features,7brQHA2CgQpcMBiOlfiXYb,spotify:track:7brQHA2CgQpcMBiOlfiXYb,https://api.spotify.com/v1/tracks/7brQHA2CgQpcMBiOlfiXYb,https://api.spotify.com/v1/audio-analysis/7brQHA2CgQpcMBiOlfiXYb,251187,4,The Neighbourhood,Afraid
0.581,0.656,4,-4.891,0,0.0294,0.00269,2.78e-06,0.101,0.338,108.033,audio_features,0EfsDEYaSjGYd66Pr881nq,spotify:track:0EfsDEYaSjGYd66Pr881nq,https://api.spotify.com/v1/tracks/0EfsDEYaSjGYd66Pr881nq,https://api.spotify.com/v1/audio-analysis/0EfsDEYaSjGYd66Pr881nq,235160,4,The Neighbourhood,Cry Baby
0.512,0.483,0,-7.798,1,0.0298,0.00304,0.0011,0.12,0.367,160.009,audio_features,0VF7YLIxSQKyNiFL3X6MmN,spotify:track:0VF7YLIxSQKyNiFL3X6MmN,https://api.spotify.com/v1/tracks/0VF7YLIxSQKyNiFL3X6MmN,https://api.spotify.com/v1/audio-analysis/0VF7YLIxSQKyNiFL3X6MmN,217027,4,The Neighbourhood,Stargazing
0.828,0.492,0,-9.744,1,0.0276,0.0644,0.00428,0.128,0.789,120.151,audio_features,0ofHAoxe9vBkTCp2UQIavz,spotify:track:0ofHAoxe9vBkTCp2UQIavz,https://api.spotify.com/v1/tracks/0ofHAoxe9vBkTCp2UQIavz,https://api.spotify.com/v1/audio-analysis/0ofHAoxe9vBkTCp2UQIavz,257800,4,Fleetwood Mac,Dreams - 2004 Remaster
0.545,0.67,9,-8.81,1,0.0496,0.009,0.000822,0.0451,0.481,151.553,audio_features,5e9TFTbltYBg2xThimr0rU,spotify:track:5e9TFTbltYBg2xThimr0rU,https://api.spotify.com/v1/tracks/5e9TFTbltYBg2xThimr0rU,https://api.spotify.com/v1/audio-analysis/5e9TFTbltYBg2xThimr0rU,270213,4,Fleetwood Mac,The Chain - 2004 Remaster
0.73,0.487,4,-10.991,1,0.0303,0.258,0.01,0.0852,0.731,114.965,audio_features,254bXAqt3zP6P50BdQvEsq,spotify:track:254bXAqt3zP6P50BdQvEsq,https://api.spotify.com/v1/tracks/254bXAqt3zP6P50BdQvEsq,https://api.spotify.com/v1/audio-analysis/254bXAqt3zP6P50BdQvEsq,226653,4,Fleetwood Mac,Everywhere - 2017 Remaster
0.583,0.947,5,-5.12,1,0.0378,0.0185,0.00109,0.0679,0.803,135.448,audio_features,07GvNcU1WdyZJq3XxP0kZa,spotify:track:07GvNcU1WdyZJq3XxP0kZa,https://api.spotify.com/v1/tracks/07GvNcU1WdyZJq3XxP0kZa,https://api.spotify.com/v1/audio-analysis/07GvNcU1WdyZJq3XxP0kZa,223613,4,Fleetwood Mac,Go Your Own Way - 2004 Remaster
0.414,0.161,7,-22.32,0,0.0318,0.883,0.000223,0.117,0.423,159.375,audio_features,5ihS6UUlyQAfmp48eSkxuQ,spotify:track:5ihS6UUlyQAfmp48eSkxuQ,https://api.spotify.com/v1/tracks/5ihS6UUlyQAfmp48eSkxuQ,https://api.spotify.com/v1/audio-analysis/5ihS6UUlyQAfmp48eSkxuQ,199493,4,Fleetwood Mac,Landslide
0.64,0.649,2,-10.345,1,0.0264,0.216,8.3e-05,0.0551,0.865,124.825,audio_features,4CoSCPlKNrWli7E5kFtbcl,spotify:track:4CoSCPlKNrWli7E5kFtbcl,https://api.spotify.com/v1/tracks/4CoSCPlKNrWli7E5kFtbcl,https://api.spotify.com/v1/audio-analysis/4CoSCPlKNrWli7E5kFtbcl,221053,4,Fleetwood Mac,Little Lies - 2017 Remaster
0.671,0.71,9,-7.724,1,0.0356,0.0393,1.12e-05,0.0387,0.834,118.745,audio_features,4bEb3KE4mSKlTFjtWJQBqO,spotify:track:4bEb3KE4mSKlTFjtWJQBqO,https://api.spotify.com/v1/tracks/4bEb3KE4mSKlTFjtWJQBqO,https://api.spotify.com/v1/audio-analysis/4bEb3KE4mSKlTFjtWJQBqO,193347,4,Fleetwood Mac,Don't Stop - 2004 Remaster
0.723,0.49,9,-14.745,0,0.0296,0.111,0.0946,0.0923,0.795,129.012,audio_features,05oETzWbd4SI33qK2gbJfR,spotify:track:05oETzWbd4SI33qK2gbJfR,https://api.spotify.com/v1/tracks/05oETzWbd4SI33qK2gbJfR,https://api.spotify.com/v1/audio-analysis/05oETzWbd4SI33qK2gbJfR,252773,4,Fleetwood Mac,Rhiannon
0.654,0.336,6,-12.825,1,0.0379,0.858,0.385,0.0786,0.947,176.083,audio_features,19Shlms2uTnOjIUg50TXzd,spotify:track:19Shlms2uTnOjIUg50TXzd,https://api.spotify.com/v1/tracks/19Shlms2uTnOjIUg50TXzd,https://api.spotify.com/v1/audio-analysis/19Shlms2uTnOjIUg50TXzd,134400,4,Fleetwood Mac,Never Going Back Again - 2004 Remaster
0.622,0.54,5,-13.99,1,0.0261,0.017,0.00771,0.265,0.847,130.879,audio_features,19Ym5Sg0YyOCa6ao21bdoG,spotify:track:19Ym5Sg0YyOCa6ao21bdoG,https://api.spotify.com/v1/tracks/19Ym5Sg0YyOCa6ao21bdoG,https://api.spotify.com/v1/audio-analysis/19Ym5Sg0YyOCa6ao21bdoG,264907,4,Fleetwood Mac,Gypsy
0.502,0.912,1,-4.556,1,0.0564,2.55e-05,0.000173,0.106,0.72,116.761,audio_features,5ghIJDpPoe3CfHMGu71E6T,spotify:track:5ghIJDpPoe3CfHMGu71E6T,https://api.spotify.com/v1/tracks/5ghIJDpPoe3CfHMGu71E6T,https://api.spotify.com/v1/audio-analysis/5ghIJDpPoe3CfHMGu71E6T,301920,4,Nirvana,Smells Like Teen Spirit
0.5,0.824,4,-5.846,0,0.0388,0.00016,0.00161,0.0916,0.539,120.125,audio_features,4P5KoWXOxwuobLmHXLMobV,spotify:track:4P5KoWXOxwuobLmHXLMobV,https://api.spotify.com/v1/tracks/4P5KoWXOxwuobLmHXLMobV,https://api.spotify.com/v1/audio-analysis/4P5KoWXOxwuobLmHXLMobV,218920,4,Nirvana,Come As You Are
0.427,0.201,8,-13.044,1,0.0317,0.745,0.263,0.109,0.0668,105.218,audio_features,1nFtiJxYdhtFfFtfXBv06s,spotify:track:1nFtiJxYdhtFfFtfXBv06s,https://api.spotify.com/v1/tracks/1nFtiJxYdhtFfFtfXBv06s,https://api.spotify.com/v1/audio-analysis/1nFtiJxYdhtFfFtfXBv06s,232147,4,Nirvana,Something In The Way
0.256,0.641,1,-10.283,1,0.0552,0.199,0.0329,0.0853,0.382,203.006,audio_features,11LmqTE2naFULdEP94AUBa,spotify:track:11LmqTE2naFULdEP94AUBa,https://api.spotify.com/v1/tracks/11LmqTE2naFULdEP94AUBa,https://api.spotify.com/v1/audio-analysis/11LmqTE2naFULdEP94AUBa,281160,4,Nirvana,Heart-Shaped Box
0.678,0.656,7,-6.41,1,0.0381,0.00174,0.0,0.0631,0.485,123.207,audio_features,2YodwKJnbPyNKe8XXSE9V7,spotify:track:2YodwKJnbPyNKe8XXSE9V7,https://api.spotify.com/v1/tracks/2YodwKJnbPyNKe8XXSE9V7,https://api.spotify.com/v1/audio-analysis/2YodwKJnbPyNKe8XXSE9V7,257053,4,Nirvana,Lithium
0.483,0.753,1,-8.937,0,0.0832,0.425,0.000142,0.257,0.42,115.102,audio_features,15VRO9CQwMpbqUYA7e6Hwg,spotify:track:15VRO9CQwMpbqUYA7e6Hwg,https://api.spotify.com/v1/tracks/15VRO9CQwMpbqUYA7e6Hwg,https://api.spotify.com/v1/audio-analysis/15VRO9CQwMpbqUYA7e6Hwg,261093,4,Nirvana,The Man Who Sold The World
0.409,0.932,11,-4.538,0,0.0339,1.87e-05,1.6e-06,0.31,0.591,131.761,audio_features,55yvzYuvJYG2RUEnMK78tr,spotify:track:55yvzYuvJYG2RUEnMK78tr,https://api.spotify.com/v1/tracks/55yvzYuvJYG2RUEnMK78tr,https://api.spotify.com/v1/audio-analysis/55yvzYuvJYG2RUEnMK78tr,166640,4,Nirvana,About A Girl
0.697,0.395,6,-13.58,1,0.0281,0.428,0.653,0.173,0.876,113.589,audio_features,5gRcv46AMTrosmTOqrOV3Q,spotify:track:5gRcv46AMTrosmTOqrOV3Q,https://api.spotify.com/v1/tracks/5gRcv46AMTrosmTOqrOV3Q,https://api.spotify.com/v1/audio-analysis/5gRcv46AMTrosmTOqrOV3Q,151893,4,Nirvana,Dumb
0.436,0.876,10,-4.902,0,0.0647,3.33e-05,0.000104,0.205,0.512,157.044,audio_features,30HCB1FoE77IfGRyNv4eFq,spotify:track:30HCB1FoE77IfGRyNv4eFq,https://api.spotify.com/v1/tracks/30HCB1FoE77IfGRyNv4eFq,https://api.spotify.com/v1/audio-analysis/30HCB1FoE77IfGRyNv4eFq,255080,4,Nirvana,In Bloom
0.446,0.632,1,-12.197,1,0.034,0.0793,0.000266,0.0881,0.359,113.176,audio_features,1Ic9pKxGSJGM0LKeqf6lGe,spotify:track:1Ic9pKxGSJGM0LKeqf6lGe,https://api.spotify.com/v1/tracks/1Ic9pKxGSJGM0LKeqf6lGe,https://api.spotify.com/v1/audio-analysis/1Ic9pKxGSJGM0LKeqf6lGe,233173,4,Nirvana,All Apologies
0.392,0.402,0,-9.961,0,0.0536,0.288,0.0,0.243,0.228,143.883,audio_features,7tFiyTwD0nx5a1eklYtX2J,spotify:track:7tFiyTwD0nx5a1eklYtX2J,https://api.spotify.com/v1/tracks/7tFiyTwD0nx5a1eklYtX2J,https://api.spotify.com/v1/audio-analysis/7tFiyTwD0nx5a1eklYtX2J,354320,4,Queen,Bohemian Rhapsody - Remastered 2011
0.563,0.865,5,-5.277,1,0.16,0.0472,0.000191,0.77,0.601,156.271,audio_features,7hQJA50XrCWABAu5v6QZ4i,spotify:track:7hQJA50XrCWABAu5v6QZ4i,https://api.spotify.com/v1/tracks/7hQJA50XrCWABAu5v6QZ4i,https://api.spotify.com/v1/audio-analysis/7hQJA50XrCWABAu5v6QZ4i,209413,4,Queen,Don't Stop Me Now - Remastered 2011
0.933,0.528,5,-6.472,0,0.162,0.112,0.329,0.163,0.756,109.975,audio_features,57JVGBtBLCfHw2muk5416J,spotify:track:57JVGBtBLCfHw2muk5416J,https://api.spotify.com/v1/tracks/57JVGBtBLCfHw2muk5416J,https://api.spotify.com/v1/audio-analysis/57JVGBtBLCfHw2muk5416J,214653,4,Queen,Another One Bites The Dust - Remastered 2011
0.671,0.711,2,-7.813,1,0.0478,0.422,0.0,0.104,0.466,113.809,audio_features,11IzgLRXV7Cgek3tEgGgjw,spotify:track:11IzgLRXV7Cgek3tEgGgjw,https://api.spotify.com/v1/tracks/11IzgLRXV7Cgek3tEgGgjw,https://api.spotify.com/v1/audio-analysis/11IzgLRXV7Cgek3tEgGgjw,248440,4,Queen,Under Pressure - Remastered 2011
0.693,0.497,2,-7.316,1,0.119,0.679,0.0,0.258,0.473,81.308,audio_features,54flyrjcdnQdco7300avMJ,spotify:track:54flyrjcdnQdco7300avMJ,https://api.spotify.com/v1/tracks/54flyrjcdnQdco7300avMJ,https://api.spotify.com/v1/audio-analysis/54flyrjcdnQdco7300avMJ,122067,4,Queen,We Will Rock You - Remastered 2011
0.599,0.762,0,-6.887,1,0.0423,0.714,4.43e-06,0.35,0.715,76.961,audio_features,35ItUJlMtjOQW3SSiTCrrw,spotify:track:35ItUJlMtjOQW3SSiTCrrw,https://api.spotify.com/v1/tracks/35ItUJlMtjOQW3SSiTCrrw,https://api.spotify.com/v1/audio-analysis/35ItUJlMtjOQW3SSiTCrrw,163373,4,Queen,Crazy Little Thing Called Love - Remastered 2011
0.535,0.65,10,-6.328,1,0.0554,0.379,0.0,0.14,0.61,117.188,audio_features,7GqWnsKhMtEW0nzki5o0d8,spotify:track:7GqWnsKhMtEW0nzki5o0d8,https://api.spotify.com/v1/tracks/7GqWnsKhMtEW0nzki5o0d8,https://api.spotify.com/v1/audio-analysis/7GqWnsKhMtEW0nzki5o0d8,179600,4,Queen,Killer Queen - Remastered 2011
0.497,0.693,8,-7.024,1,0.0565,0.19,0.0,0.215,0.358,111.539,audio_features,6cFZ4PLC19taNlpl9pbGMf,spotify:track:6cFZ4PLC19taNlpl9pbGMf,https://api.spotify.com/v1/tracks/6cFZ4PLC19taNlpl9pbGMf,https://api.spotify.com/v1/audio-analysis/6cFZ4PLC19taNlpl9pbGMf,296493,3,Queen,Somebody To Love - Remastered 2011
0.268,0.459,7,-6.948,0,0.0346,0.378,0.0,0.119,0.172,64.223,audio_features,7ccI9cStQbQdystvc6TvxD,spotify:track:7ccI9cStQbQdystvc6TvxD,https://api.spotify.com/v1/tracks/7ccI9cStQbQdystvc6TvxD,https://api.spotify.com/v1/audio-analysis/7ccI9cStQbQdystvc6TvxD,179200,4,Queen,We Are The Champions - Remastered 2011
0.795,0.433,4,-8.927,1,0.0324,0.0853,0.000284,0.0762,0.6,108.947,audio_features,7h2yhVxcZOGyQdOwD4Hu8J,spotify:track:7h2yhVxcZOGyQdOwD4Hu8J,https://api.spotify.com/v1/tracks/7h2yhVxcZOGyQdOwD4Hu8J,https://api.spotify.com/v1/audio-analysis/7h2yhVxcZOGyQdOwD4Hu8J,258013,4,Queen,I Want To Break Free - Remastered 2011
0.795,0.8,1,-6.32,1,0.0309,0.0354,7.25e-05,0.0915,0.934,116.032,audio_features,7rglLriMNBPAyuJOMGwi39,spotify:track:7rglLriMNBPAyuJOMGwi39,https://api.spotify.com/v1/tracks/7rglLriMNBPAyuJOMGwi39,https://api.spotify.com/v1/audio-analysis/7rglLriMNBPAyuJOMGwi39,202735,4,Elton John,Cold Heart - PNAU Remix
0.504,0.904,6,-6.863,1,0.179,0.356,0.121,0.14,0.772,176.808,audio_features,1jDJFeK9x3OZboIAHsY9k2,spotify:track:1jDJFeK9x3OZboIAHsY9k2,https://api.spotify.com/v1/tracks/1jDJFeK9x3OZboIAHsY9k2,https://api.spotify.com/v1/audio-analysis/1jDJFeK9x3OZboIAHsY9k2,183440,4,Elton John,I'm Still Standing
0.658,0.783,0,-4.615,1,0.113,0.0798,0.00018,0.187,0.491,126.027,audio_features,3lFwSDBCNo3CcN09UppUnm,spotify:track:3lFwSDBCNo3CcN09UppUnm,https://api.spotify.com/v1/tracks/3lFwSDBCNo3CcN09UppUnm,https://api.spotify.com/v1/audio-analysis/3lFwSDBCNo3CcN09UppUnm,202246,4,Elton John,Hold Me Closer
0.601,0.532,10,-9.119,1,0.0286,0.432,6.25e-06,0.0925,0.341,136.571,audio_features,3gdewACMIVMEWVbyb8O9sY,spotify:track:3gdewACMIVMEWVbyb8O9sY,https://api.spotify.com/v1/tracks/3gdewACMIVMEWVbyb8O9sY,https://api.spotify.com/v1/audio-analysis/3gdewACMIVMEWVbyb8O9sY,281613,4,Elton John,"Rocket Man (I Think It's Going To Be A Long, Long Time)"
0.554,0.315,3,-11.028,1,0.0298,0.828,5.53e-06,0.101,0.325,128.157,audio_features,38zsOOcu31XbbYj9BIPUF1,spotify:track:38zsOOcu31XbbYj9BIPUF1,https://api.spotify.com/v1/tracks/38zsOOcu31XbbYj9BIPUF1,https://api.spotify.com/v1/audio-analysis/38zsOOcu31XbbYj9BIPUF1,241787,4,Elton John,Your Song
0.729,0.844,5,-8.824,1,0.0344,0.149,2.87e-06,0.0604,0.777,131.459,audio_features,7HW5WIw7ZgZORCzUxv5gW5,spotify:track:7HW5WIw7ZgZORCzUxv5gW5,https://api.spotify.com/v1/tracks/7HW5WIw7ZgZORCzUxv5gW5,https://api.spotify.com/v1/audio-analysis/7HW5WIw7ZgZORCzUxv5gW5,275440,4,Elton John,Don't Go Breaking My Heart
0.414,0.428,0,-11.097,1,0.0278,0.382,0.000243,0.148,0.282,145.075,audio_features,2TVxnKdb3tqe1nhQWwwZCO,spotify:track:2TVxnKdb3tqe1nhQWwwZCO,https://api.spotify.com/v1/tracks/2TVxnKdb3tqe1nhQWwwZCO,https://api.spotify.com/v1/audio-analysis/2TVxnKdb3tqe1nhQWwwZCO,377093,4,Elton John,Tiny Dancer
0.559,0.473,5,-7.712,1,0.0279,0.446,0.00141,0.154,0.397,121.227,audio_features,4IRHwIZHzlHT1FQpRa5RdE,spotify:track:4IRHwIZHzlHT1FQpRa5RdE,https://api.spotify.com/v1/tracks/4IRHwIZHzlHT1FQpRa5RdE,https://api.spotify.com/v1/audio-analysis/4IRHwIZHzlHT1FQpRa5RdE,192827,4,Elton John,Goodbye Yellow Brick Road - Remastered 2014
0.756,0.422,11,-12.967,0,0.0292,0.0165,0.00183,0.0368,0.487,112.751,audio_features,0e3yhVeNaTfKIWQRw9U9sY,spotify:track:0e3yhVeNaTfKIWQRw9U9sY,https://api.spotify.com/v1/tracks/0e3yhVeNaTfKIWQRw9U9sY,https://api.spotify.com/v1/audio-analysis/0e3yhVeNaTfKIWQRw9U9sY,304133,4,Elton John,Sacrifice
0.665,0.673,0,-7.95,1,0.0493,0.259,7.62e-06,0.497,0.779,132.642,audio_features,5Wj1rJnCLpMHdLaxsFtJLs,spotify:track:5Wj1rJnCLpMHdLaxsFtJLs,https://api.spotify.com/v1/tracks/5Wj1rJnCLpMHdLaxsFtJLs,https://api.spotify.com/v1/audio-analysis/5Wj1rJnCLpMHdLaxsFtJLs,322549,4,Elton John,Bennie And The Jets - Remastered 2014
0.566,0.834,6,-8.412,0,0.0298,0.00277,0.008,0.0625,0.621,123.296,audio_features,3VqHuw0wFlIHcIPWkhIbdQ,spotify:track:3VqHuw0wFlIHcIPWkhIbdQ,https://api.spotify.com/v1/tracks/3VqHuw0wFlIHcIPWkhIbdQ,https://api.spotify.com/v1/audio-analysis/3VqHuw0wFlIHcIPWkhIbdQ,331560,4,Metallica,Enter Sandman (Remastered)
0.539,0.828,4,-9.108,0,0.035,0.00067,0.421,0.154,0.562,105.25,audio_features,54bm2e3tk8cliUz3VSdCPZ,spotify:track:54bm2e3tk8cliUz3VSdCPZ,https://api.spotify.com/v1/tracks/54bm2e3tk8cliUz3VSdCPZ,https://api.spotify.com/v1/audio-analysis/54bm2e3tk8cliUz3VSdCPZ,515387,4,Metallica,Master of Puppets (Remastered)
0.547,0.394,4,-9.793,0,0.0262,0.0522,6.4e-06,0.0795,0.17,142.37,audio_features,2CtemffYhT0DJWcT1XW047,spotify:track:2CtemffYhT0DJWcT1XW047,https://api.spotify.com/v1/tracks/2CtemffYhT0DJWcT1XW047,https://api.spotify.com/v1/audio-analysis/2CtemffYhT0DJWcT1XW047,388733,3,Metallica,Nothing Else Matters (Remastered)
0.512,0.86,0,-6.145,1,0.0703,0.00631,0.00528,0.0652,0.258,117.909,audio_features,51YZAJhOwIC5Gg3jMbAmhZ,spotify:track:51YZAJhOwIC5Gg3jMbAmhZ,https://api.spotify.com/v1/tracks/51YZAJhOwIC5Gg3jMbAmhZ,https://api.spotify.com/v1/audio-analysis/51YZAJhOwIC5Gg3jMbAmhZ,309973,4,Metallica,For Whom The Bell Tolls (Remastered)
0.438,0.687,7,-9.15,1,0.0619,0.000668,0.0801,0.42,0.426,103.01,audio_features,0LAcM6I7ijW4VVW0aytl1t,spotify:track:0LAcM6I7ijW4VVW0aytl1t,https://api.spotify.com/v1/tracks/0LAcM6I7ijW4VVW0aytl1t,https://api.spotify.com/v1/audio-analysis/0LAcM6I7ijW4VVW0aytl1t,446146,3,Metallica,One (Remastered)
0.511,0.972,10,-3.751,1,0.0413,5.36e-06,0.00101,0.19,0.532,132.97,audio_features,3ZpWy5rBZv2aLQAldnmTsP,spotify:track:3ZpWy5rBZv2aLQAldnmTsP,https://api.spotify.com/v1/tracks/3ZpWy5rBZv2aLQAldnmTsP,https://api.spotify.com/v1/audio-analysis/3ZpWy5rBZv2aLQAldnmTsP,304893,4,Metallica,Whiskey In The Jar
0.531,0.583,7,-9.47,1,0.0256,0.0184,0.00624,0.255,0.207,139.503,audio_features,7lwvxYumAEo10lzAplRGXM,spotify:track:7lwvxYumAEo10lzAplRGXM,https://api.spotify.com/v1/tracks/7lwvxYumAEo10lzAplRGXM,https://api.spotify.com/v1/audio-analysis/7lwvxYumAEo10lzAplRGXM,387160,4,Metallica,The Unforgiven (Remastered)
0.386,0.996,11,-2.96,0,0.0754,1.15e-05,0.000836,0.116,0.188,130.573,audio_features,3pwmJJRlr8nXNN9PFD18np,spotify:track:3pwmJJRlr8nXNN9PFD18np,https://api.spotify.com/v1/tracks/3pwmJJRlr8nXNN9PFD18np,https://api.spotify.com/v1/audio-analysis/3pwmJJRlr8nXNN9PFD18np,205680,4,Metallica,Lux Ã†terna
0.624,0.876,7,-6.005,1,0.0342,0.000926,0.00164,0.0561,0.453,89.24,audio_features,5UaDi8KzCGJqFfVAOBfXhi,spotify:track:5UaDi8KzCGJqFfVAOBfXhi,https://api.spotify.com/v1/tracks/5UaDi8KzCGJqFfVAOBfXhi,https://api.spotify.com/v1/audio-analysis/5UaDi8KzCGJqFfVAOBfXhi,324600,4,Metallica,Sad But True (Remastered)
0.256,0.929,7,-6.667,1,0.113,0.00311,0.201,0.11,0.278,113.47,audio_features,0dqGfCMAGyDgpUAgLNOjWd,spotify:track:0dqGfCMAGyDgpUAgLNOjWd,https://api.spotify.com/v1/tracks/0dqGfCMAGyDgpUAgLNOjWd,https://api.spotify.com/v1/audio-analysis/0dqGfCMAGyDgpUAgLNOjWd,417227,4,Metallica,Fade To Black (Remastered)
0.393,0.858,4,-2.868,0,0.0729,0.00359,0.0,0.102,0.56,176.042,audio_features,04aAxqtGp5pv12UXAg4pkq,spotify:track:04aAxqtGp5pv12UXAg4pkq,https://api.spotify.com/v1/tracks/04aAxqtGp5pv12UXAg4pkq,https://api.spotify.com/v1/audio-analysis/04aAxqtGp5pv12UXAg4pkq,228360,4,Fall Out Boy,Centuries
0.459,0.891,10,-5.057,0,0.0623,0.00511,0.0,0.106,0.588,154.837,audio_features,3Zwu2K0Qa5sT6teCCHPShP,spotify:track:3Zwu2K0Qa5sT6teCCHPShP,https://api.spotify.com/v1/tracks/3Zwu2K0Qa5sT6teCCHPShP,https://api.spotify.com/v1/audio-analysis/3Zwu2K0Qa5sT6teCCHPShP,203507,4,Fall Out Boy,Thnks fr th Mmrs
0.494,0.842,7,-4.784,1,0.0843,0.00579,0.0,0.122,0.574,162.011,audio_features,2TfSHkHiFO4gRztVIkggkE,spotify:track:2TfSHkHiFO4gRztVIkggkE,https://api.spotify.com/v1/tracks/2TfSHkHiFO4gRztVIkggkE,https://api.spotify.com/v1/audio-analysis/2TfSHkHiFO4gRztVIkggkE,229093,4,Fall Out Boy,"Sugar, We're Goin Down"
0.622,0.961,11,-3.198,0,0.154,0.00523,0.0,0.0854,0.449,114.452,audio_features,0a7BloCiNzLDD9qSQHh5m7,spotify:track:0a7BloCiNzLDD9qSQHh5m7,https://api.spotify.com/v1/tracks/0a7BloCiNzLDD9qSQHh5m7,https://api.spotify.com/v1/audio-analysis/0a7BloCiNzLDD9qSQHh5m7,180267,4,Fall Out Boy,"Dance, Dance"
0.558,0.924,9,-4.341,0,0.064,0.0271,3.32e-06,0.537,0.567,151.99,audio_features,2E43WFS4rRc09za2r2GmZl,spotify:track:2E43WFS4rRc09za2r2GmZl,https://api.spotify.com/v1/tracks/2E43WFS4rRc09za2r2GmZl,https://api.spotify.com/v1/audio-analysis/2E43WFS4rRc09za2r2GmZl,186827,4,Fall Out Boy,My Songs Know What You Did In The Dark (Light Em Up)
0.616,0.868,2,-3.606,1,0.0699,0.00131,1.54e-06,0.671,0.475,108.016,audio_features,3Te8uLyit6X3ncNW8Fp3K2,spotify:track:3Te8uLyit6X3ncNW8Fp3K2,https://api.spotify.com/v1/tracks/3Te8uLyit6X3ncNW8Fp3K2,https://api.spotify.com/v1/audio-analysis/3Te8uLyit6X3ncNW8Fp3K2,189387,4,Fall Out Boy,Immortals
0.42,0.898,4,-5.51,0,0.0947,0.00105,0.000452,0.301,0.226,157.876,audio_features,08v6GcxD4gF8aZ1yuPry0A,spotify:track:08v6GcxD4gF8aZ1yuPry0A,https://api.spotify.com/v1/tracks/08v6GcxD4gF8aZ1yuPry0A,https://api.spotify.com/v1/audio-analysis/08v6GcxD4gF8aZ1yuPry0A,279737,4,Fall Out Boy,Love From The Other Side
0.661,0.723,5,-6.976,0,0.0566,0.179,1.23e-05,0.14,0.316,113.778,audio_features,7Feaw9WAEREY0DUOSXJLOM,spotify:track:7Feaw9WAEREY0DUOSXJLOM,https://api.spotify.com/v1/tracks/7Feaw9WAEREY0DUOSXJLOM,https://api.spotify.com/v1/audio-analysis/7Feaw9WAEREY0DUOSXJLOM,163805,4,Fall Out Boy,Summer Days (feat. Macklemore & Patrick Stump of Fall Out Boy)
0.514,0.779,8,-5.136,1,0.0417,0.00314,1.3e-05,0.0635,0.313,91.089,audio_features,0Rw35DKIumkbbMC7XPOn5r,spotify:track:0Rw35DKIumkbbMC7XPOn5r,https://api.spotify.com/v1/tracks/0Rw35DKIumkbbMC7XPOn5r,https://api.spotify.com/v1/audio-analysis/0Rw35DKIumkbbMC7XPOn5r,217538,4,Fall Out Boy,Heartbreak Feels So Good
0.562,0.964,4,-2.991,0,0.072,0.000539,1.57e-06,0.579,0.41,138.063,audio_features,7jwDuO7UZvWs77KNj9HbvF,spotify:track:7jwDuO7UZvWs77KNj9HbvF,https://api.spotify.com/v1/tracks/7jwDuO7UZvWs77KNj9HbvF,https://api.spotify.com/v1/audio-analysis/7jwDuO7UZvWs77KNj9HbvF,244960,4,Fall Out Boy,The Phoenix
